Codigo	Linaje	Mutacion de interes	Delecion	Delecion(coordenadas)	Inserciones	Sustituciones	Sustituciones(AA)	Profundidad	Cobertura	Laboratorio
SAMPLE_22	20J (Gamma, V3)	 D614G  E484K     H655Y  K417T     N501Y                    	ORF1a:S3675- ORF1a:G3676- ORF1a:F3677- 	11284-11293 11287-11296 11290-11299 	NA	C241T T733C C2749T C3037T C3828T A5648C A6613G C6627T C12778T C13860T C14408T G17259T C21614T C21621A C21638T G21920C G21974T G22132T A22812C G23012A A23063T A23403G C23525T C24642T G25088T T26149C G28167A G28378C C28512G A28877T G28878C G28881A G28882A G28883C	N:P80R N:R203K N:G204R ORF1a:S1188L ORF1a:K1795Q ORF1a:T2121I ORF1b:P314L ORF1b:E1264D ORF3a:S253P ORF8:E92K ORF9b:R32P ORF9b:Q77E S:L18F S:T20N S:P26S S:V120L S:D138Y S:R190S S:K417T S:E484K S:N501Y S:D614G S:H655Y S:T1027I S:V1176F	734.55	98.662	UNAL-Bogota
SAMPLE_23	20J (Gamma, V3)	 D614G  E484K     H655Y  K417T     N501Y                    	ORF1a:S3675- ORF1a:G3676- ORF1a:F3677- 	11284-11293 11287-11296 11290-11299 	NA	C884T C2749T C3037T C3828T A5648C C5907T A6613G C12241T C12778T C13860T C14408T G17259T C19454T C21621A C21638T G21974T A22812C G23012A A23063T A23403G C23525T T24469C C24642T G25088T T26149C G26158T G28167A C28512G	N:P80R ORF1a:R207C ORF1a:S1188L ORF1a:K1795Q ORF1a:T1881I ORF1b:P314L ORF1b:E1264D ORF1b:T1996M ORF3a:S253P ORF3a:V256F ORF8:E92K ORF9b:Q77E S:T20N S:P26S S:D138Y S:K417T S:E484K S:N501Y S:D614G S:H655Y S:T1027I S:V1176F	563.03	96.903	UNAL-Bogota
SAMPLE_24	20C	 D614G  E484K            N501Y N:T205I  P681H    R346K     T95I        	NA	NA	NA	C241T C3037T A3428G C4878T C6037T C6361T C10029T A11451G C11575T C12473T A13057T C14408T A15002G G17019T C17491T C18877T T19035C C20148T C21846T T21992A A21993C G22599A G23012A A23063T A23403G C23604A G24410A G25112T G25249T C25452G G25563T G26140A A26492T C27925A C27945T C28005T C28093T A28272T C28887T	N:T205I ORF1a:T1055A ORF1a:T1538I ORF1a:T3255I ORF1a:Q3729R ORF1b:P314L ORF1b:Y512C ORF1b:E1184D ORF1b:P1342S ORF8:T11K ORF8:Q18* ORF8:P38S ORF8:S67F S:T95I S:Y144T S:R346K S:E484K S:N501Y S:D614G S:P681H S:D950N S:D1184Y S:M1229I	848.00	98.004	UNAL-Bogota
SAMPLE_25	20C	 D614G  E484K                        T95I        	NA	NA	NA	G521T C2306T C3037T A4220G C5730T C6401T A10323G C10775T T12730G A13712G C14408T T15597C C16694T C18877T G20709T C21846T C22033A T22882G G23012A A23403G G24410A G25244T G25563T T26767C A27721G A28272G G28975T	M:I82T N:M234I ORF1a:V86F ORF1a:L681F ORF1a:K1319E ORF1a:T1822I ORF1a:P2046S ORF1a:K3353R ORF1a:P3504S ORF1b:K82R ORF1b:P314L ORF1b:T1076I ORF1b:M2414I ORF3a:Q57H ORF7a:I110V S:T95I S:F157L S:N440K S:E484K S:D614G S:D950N S:V1228L	954.82	98.632	UNAL-Bogota
SAMPLE_26	20J (Gamma, V3)	 D614G  E484K     H655Y  K417T     N501Y                    	ORF1a:S3675- ORF1a:G3676- ORF1a:F3677- 	11284-11293 11287-11296 11290-11299 	NA	C241T C475T T733C C2749T C3037T C3828T A4929G A5648C A6319G A6613G C6627T C12778T C13860T C14408T G17259T C20148T G20464A C21364T C21614T C21621A C21638T G21974T G22132T A22812C G23012A A23063T A23403G C23525T C24642T G24815A G25088T T26149C G28167A C28512G A28877T G28878C G28881A G28882A G28883C C29236T G29543T	N:P80R N:R203K N:G204R ORF1a:S1188L ORF1a:N1555S ORF1a:K1795Q ORF1a:T2121I ORF1b:P314L ORF1b:E1264D ORF1b:D2333N ORF1b:P2633S ORF3a:S253P ORF8:E92K ORF9b:Q77E S:L18F S:T20N S:P26S S:D138Y S:R190S S:K417T S:E484K S:N501Y S:D614G S:H655Y S:T1027I S:G1085R S:V1176F	852.04	97.903	UNAL-Bogota
SAMPLE_27	21H	 D614G  E484K            N501Y N:T205I  P681H    R346K     T95I        	NA	NA	21992:ACT	C241T T1036C C3037T A3428G C4878T C6037T C8715T C10029T A11451G C12085A A13057T C14408T C14889T C16859T C17491T C18877T T19035C C19386T C20148T G20679T C21846T T21995A G22599A G23012A A23063T A23403G C23604A G24410A G25563T A26492T C27925A C28005T C28093T A28272T C28887T G29402T	N:T205I N:D377Y ORF1a:T1055A ORF1a:T1538I ORF1a:T2817I ORF1a:T3255I ORF1a:Q3729R ORF1b:P314L ORF1b:A1131V ORF1b:P1342S ORF8:T11K ORF8:P38S ORF8:S67F S:T95I S:Y145N S:R346K S:E484K S:N501Y S:D614G S:P681H S:D950N	720.02	97.880	UNAL-Bogota
SAMPLE_28	19B	 D614G           L452R                       	S:L141- S:G142- S:V143- 	21979-21988 21982-21991 21985-21994 	NA	C1567T C3165T C4543T A5234G A5488G C8407T C8782T T9477A C10029T C11005A C12815T C13115T C14805T C15688T C16466T T16857C G17019T T18417C T22917G A23403G G24697A C25613T G25979T C26681T T28144C A28272T C28291T A28295T C28657T C29366T C29421T	N:N8Y N:P365S N:P383L ORF1a:A967V ORF1a:K1657E ORF1a:F3071Y ORF1a:T3255I ORF1a:H3580Q ORF1b:R741C ORF1b:P1000L ORF1b:E1184D ORF3a:S74F ORF3a:G196V ORF8:L84S ORF9b:P3L ORF9b:K4N S:L452R S:D614G	500.05	94.118	UNAL-Bogota
SAMPLE_29	21H	 D614G  E484K            N501Y   P681H    R346K     T95I        	NA	NA	21992:ACT	C1387T C3037T A3428G C4878T C5192T C6037T C10029T A11451G A13057T C14408T C16466T C17491T C17707T C18877T T19035C C20148T A20779G C21846T T21995A G22599A G23012A A23063T A23403G C23604A G24410A G25563T A26492T C27925A C28005T C28093T G29779T	ORF1a:T1055A ORF1a:T1538I ORF1a:T3255I ORF1a:Q3729R ORF1b:P314L ORF1b:P1000L ORF1b:P1342S ORF1b:P1414S ORF1b:M2438V ORF8:T11K ORF8:P38S ORF8:S67F S:T95I S:Y145N S:R346K S:E484K S:N501Y S:D614G S:P681H S:D950N	267.07	94.429	UNAL-Bogota
SAMPLE_30	21H	 D614G  E484K            N501Y   P681H    R346K     T95I        	NA	NA	NA	C1387T C3037T A3428G C4878T C5192T C6037T C10029T A11451G A13057T C14408T C16466T C17491T C18877T T19035C C20148T A20779G C21846T T21995A G22599A G23012A A23063T A23403G C23604A G24410A G25563T A26492T C27925A C28005T C28093T A28272T G29779T	ORF1a:T1055A ORF1a:T1538I ORF1a:T3255I ORF1a:Q3729R ORF1b:P314L ORF1b:P1000L ORF1b:P1342S ORF1b:M2438V ORF8:T11K ORF8:P38S ORF8:S67F S:T95I S:Y145N S:R346K S:E484K S:N501Y S:D614G S:P681H S:D950N	95.52	93.596	UNAL-Bogota
SAMPLE_31	21H	 D614G               N:T205I      R346K             	NA	NA	NA	A3428G G4403A C10029T A13057T C14408T G15327T T19035C G22599A A23403G G25563T A26492T A28272T C28887T	N:T205I ORF1a:T1055A ORF1a:A1380T ORF1a:T3255I ORF1b:P314L ORF1b:M620I ORF3a:Q57H S:R346K S:D614G	238.24	78.514	UNAL-Bogota
SAMPLE_32	21H	                N:T205I                   	NA	NA	21992:ACTT	C241T C1263T C3037T A3428G C4878T C5167T C6037T A9737G C10029T A11451G A13057T C14216T C14408T C16575T C17491T C17707T C18877T T19035C C20148T C21846T A21993T T21995A G22599A G23012A A23063T A23403G C23604A G24410A G25563T C26366T A26492T C27804T A28272T C28887T G29779T	E:A41V N:T205I ORF1b:T250I ORF1b:P314L ORF1b:P1342S ORF1b:P1414S	536.92	98.662	UNAL-Bogota
SAMPLE_33	21H	 D614G  E484K            N501Y N:T205I  P681H    R346K     T95I        	NA	NA	NA	C2676T C3037T A3428G C4878T C6037T G9130T C10029T A11451G C12114T A13057T C14408T C17491T C17707T C18877T T19035C C20148T C21846T T21995A G22599A G23012A A23063T A23403G C23604A G24410A G25563T C25702T C26461T A26492T C27925A C28005T C28093T A28272T C28887T C29200T C29546A G29779T	E:L73F N:T205I ORF1b:P314L ORF1b:P1342S ORF1b:P1414S ORF8:T11K ORF8:P38S ORF8:S67F S:T95I S:Y145N S:R346K S:E484K S:N501Y S:D614G S:P681H S:D950N	844.09	98.632	UNAL-Bogota
SAMPLE_34	20J (Gamma, V3)	 D614G  E484K     H655Y  K417T     N501Y                    	ORF1a:S3675- ORF1a:G3676- ORF1a:F3677- 	11284-11293 11287-11296 11290-11299 	NA	C241T T733C C2749T C3037T C3117T C3828T A5648C A6319G A6613G C12171T C12778T C13860T C14408T G17259T A18945G C21614T C21621A C21638T G21974T G22132T A22812C G23012A A23063T A23403G C23525T C24642T G25088T A25788G T26149C G28167A C28512G A28877T G28878C G28881A G28882A G28883C	N:P80R N:R203K N:G204R ORF1a:T951I ORF1a:S1188L ORF1a:K1795Q ORF1a:A3969V ORF1b:P314L ORF1b:E1264D ORF3a:S253P ORF8:E92K ORF9b:Q77E S:L18F S:T20N S:P26S S:D138Y S:R190S S:K417T S:E484K S:N501Y S:D614G S:H655Y S:T1027I S:V1176F	629.00	97.903	UNAL-Bogota
SAMPLE_35	21H	 D614G  E484K            N501Y N:T205I  P681H    R346K     T95I        	NA	NA	21992:ACT	C241T C3037T A3428G C4878T C6037T C10029T A11451G A13057T C14408T C17491T C18877T T19035C C20148T C21077T C21846T G22599A G23012A A23063T A23403G C23604A G24410A G25563T A26492T C27925A C28005T C28093T A28272T C28887T	N:T205I ORF1a:T1055A ORF1a:T1538I ORF1a:T3255I ORF1a:Q3729R ORF1b:P314L ORF1b:P1342S ORF1b:T2537I ORF8:T11K ORF8:P38S ORF8:S67F S:T95I S:R346K S:E484K S:N501Y S:D614G S:P681H S:D950N	391.83	96.275	UNAL-Bogota
SAMPLE_36	20C	 D614G               N:T205I                   	NA	NA	NA	C241T T606C C1060T C3037T G3403T T4579A A8479G C9988T A10323G C10507T C11379T T11932C C13965T C14408T A14882G C15180T C18261T C18877T T19230C G19999T T22016C A23403G G24914T G25563T C26060T T27484C C28253T C28887T	N:T205I ORF1a:I114T ORF1a:K3353R ORF1a:A3705V ORF1b:P314L ORF1b:D472G ORF1b:V2178F ORF3a:Q57H ORF3a:T223I S:W152R S:D614G S:D1118Y	364.55	92.415	UNAL-Bogota
SAMPLE_37	21H	                                   	NA	NA	21996:A	G2155T C3037T A3428G G3955T C4878T C6037T C10029T A11451G A13057T C14408T C16751A C17491T G18412T C18877T T19035C C20148T C21846T A21993C G22599A G23012A A23063T A23403G C23604A G24410A G25563T C26111T A26492T C27925A C28005T C28093T A28272T C28439T	N:L56F ORF1a:W630C ORF1a:T1055A ORF1a:K1230N ORF1a:T1538I ORF1a:T3255I ORF1a:Q3729R ORF1b:P314L ORF1b:P1095H ORF1b:P1342S ORF1b:V1649F ORF8:T11K ORF8:P38S ORF8:S67F	245.91	92.028	UNAL-Bogota
SAMPLE_38	20B	 D614G                                  	NA	NA	NA	A2871G C2997T C3037T A3790T G9802T G11417T C14408T T15642C G16917T C17550T G20002T G20548T T21087C C21622T A23403G G25062C C25521T G25913A C28278A C29370T	N:S2Y N:T366I ORF1a:N869S ORF1a:S911F ORF1a:L1175F ORF1a:V3718F ORF1b:P314L ORF1b:D2179Y ORF1b:D2361Y ORF3a:G174D S:D614G S:G1167A	467.69	95.144	UNAL-Bogota
SAMPLE_39	20J (Gamma, V3)	 D614G  E484K     H655Y  K417T     N501Y                    	NA	NA	NA	T733C C2749T C3037T C3828T A5648C A6319G A6613G A8094G C12778T C13860T C14408T G17259T G21974T A22812C G23012A A23063T A23403G C23525T C24642T G25088T T26149C G26158T C27092T G28167A C28512G A28877T G28878C G28881A G28882A G28883C	N:P80R N:R203K N:G204R ORF1a:S1188L ORF1a:K1795Q ORF1a:K2610R ORF1b:P314L ORF1b:E1264D ORF3a:S253P ORF3a:V256F ORF8:E92K ORF9b:Q77E S:D138Y S:K417T S:E484K S:N501Y S:D614G S:H655Y S:T1027I S:V1176F	231.35	90.255	UNAL-Bogota
SAMPLE_40	21H	 D614G  E484K            N501Y N:T205I  P681H    R346K     T95I        	NA	NA	NA	C241T C3037T A3428G C4878T C10029T A11451G C11919T A13057T C14408T A15593G C17491T T19035C C21846T G22599A G23012A A23063T A23403G C23604A C25427T G25555T G25563T C25708T C26228T A26492T C27925A C28005T C28093T A28272T T28618A C28887T	N:T205I ORF1a:T1055A ORF1a:T1538I ORF1a:T3255I ORF1a:Q3729R ORF1a:S3885F ORF1b:P314L ORF1b:K709R ORF1b:P1342S ORF8:T11K ORF8:P38S ORF8:S67F S:T95I S:R346K S:E484K S:N501Y S:D614G S:P681H	516.82	90.051	UNAL-Bogota
SAMPLE_41	21H	 D614G                     R346K     T95I        	NA	NA	NA	A3428G C4878T A11451G A13057T C14408T T19035C C20148T C21846T A21993C G22599A A23403G A26492T C27925A C28005T C28093T A28272T	ORF1a:T1055A ORF1a:T1538I ORF1a:Q3729R ORF1b:P314L ORF8:T11K ORF8:P38S ORF8:S67F S:T95I S:Y144S S:R346K S:D614G	59.72	76.327	UNAL-Bogota
SAMPLE_42	21H	 D614G  E484K            N501Y   P681H    R346K     T95I        	NA	NA	NA	C3037T A3428G C4878T C6037T A11451G A13057T A13815T C14408T C17491T C17707T C18877T T19035C C20148T C21846T T21995A G22599A G23012A A23063T A23403G C23604A G24410A G25563T A26492T C27925A C28005T C28093T G29736A G29779T	ORF1b:P314L ORF1b:P1342S ORF1b:P1414S ORF8:T11K ORF8:P38S ORF8:S67F S:T95I S:Y145N S:R346K S:E484K S:N501Y S:D614G S:P681H S:D950N	201.75	84.269	UNAL-Bogota
SAMPLE_43	21H	 D614G  E484K            N501Y N:T205I  P681H    R346K     T95I        	NA	NA	21992:ACT	C241T C3037T A3428G C4878T C6037T C10029T A11451G A13057T A13815T C14408T C17491T C17707T C18877T T19035C C20148T C21846T T21995A G22599A G23012A A23063T A23403G C23604A G24410A G25563T A26492T C27925A C28005T C28093T A28272T C28887T G29736A G29779T	N:T205I ORF1b:P314L ORF1b:P1342S ORF1b:P1414S ORF8:T11K ORF8:P38S ORF8:S67F S:T95I S:Y145N S:R346K S:E484K S:N501Y S:D614G S:P681H S:D950N	793.03	98.866	UNAL-Bogota
SAMPLE_44	21H	 D614G                 P681H    R346K     T95I        	NA	NA	NA	A3428G C4878T C6037T A11451G A13057T C14408T C17491T C18877T C21846T G22599A A23403G C23604A G25563T G26056T C27925A C28005T C28093T A28272T	ORF1a:T1055A ORF1a:T1538I ORF1a:Q3729R ORF1b:P314L ORF1b:P1342S ORF8:T11K ORF8:P38S ORF8:S67F S:T95I S:R346K S:D614G S:P681H	44.66	66.635	UNAL-Bogota
SAMPLE_46	21H	 D614G  E484K            N501Y N:T205I  P681H    R346K     T95I        	NA	NA	NA	C241T C3037T A3428G C4878T C6037T C10029T A11451G A13057T C14408T A15002G A15426G G17019T C17491T C18877T T19035C C20148T C21846T A21993C T21995A G22599A G23012A A23063T A23403G C23604A G24410A C25452G G25563T A26492T C27925A C28005T C28093T A28272T C28887T	N:T205I ORF1a:T1055A ORF1a:T1538I ORF1a:T3255I ORF1a:Q3729R ORF1b:P314L ORF1b:Y512C ORF1b:E1184D ORF1b:P1342S ORF8:T11K ORF8:P38S ORF8:S67F S:T95I S:Y144S S:Y145N S:R346K S:E484K S:N501Y S:D614G S:P681H S:D950N	826.96	99.595	UNAL-Bogota
SAMPLE_47	21H	 D614G  E484K            N501Y N:T205I  P681H    R346K     T95I        	NA	NA	NA	C241T C3037T A3428G C4276T C4878T C6037T C10029T A11451G A13057T C14408T C17491T C18877T T19035C C21846T G21974C T21995A G22599A T22885A G23012A A23063T A23403G C23604A G24410A C25096T G25563T T25666C A26492T C27925A C28005T G28077T C28093T A28272T C28441T C28520A C28887T	N:Q83K N:T205I ORF1a:T1055A ORF1a:T1538I ORF1a:T3255I ORF1a:Q3729R ORF1b:P314L ORF1b:P1342S ORF8:T11K ORF8:P38S ORF8:V62L ORF8:S67F ORF9b:S53L S:T95I S:D138H S:Y145N S:R346K S:E484K S:N501Y S:D614G S:P681H S:D950N	156.98	96.913	UNAL-Bogota
SAMPLE_48	21H	 D614G                     R346K     T95I        	NA	NA	NA	A11451G A13057T C21846T T21995A G22599A A23403G C26124T C27925A C28005T	ORF1a:Q3729R ORF8:T11K ORF8:P38S S:T95I S:Y145N S:R346K S:D614G	20.84	42.273	UNAL-Bogota
SAMPLE_49	20J (Gamma, V3)	 D614G  E484K     H655Y  K417T     N501Y                    	ORF1a:S3675- ORF1a:G3676- ORF1a:F3677- 	11284-11293 11287-11296 11290-11299 	NA	C241T T733C C2749T C3037T C3828T A5648C A6319G A6613G C6627T C10789T C12778T C13860T C14408T G17259T C21614T C21621A C21638T G21974T A22812C G23012A A23063T A23403G C23525T C24642T G25088T C25571T T26149C G28167A C28512G C28603T A28877T G28878C G28881A G28882A G28883C	N:P80R N:R203K N:G204R ORF1a:S1188L ORF1a:K1795Q ORF1a:T2121I ORF1b:P314L ORF1b:E1264D ORF3a:S60F ORF3a:S253P ORF8:E92K ORF9b:Q77E S:L18F S:T20N S:P26S S:D138Y S:K417T S:E484K S:N501Y S:D614G S:H655Y S:T1027I S:V1176F	368.16	94.134	UNAL-Bogota
